{
  "d2": {
    "Lexicon (learned)": {
      "agg": {
        "acc": [
          0.7674490874512709,
          0.11371653117636536
        ],
        "macroF1": [
          0.7600302939091235,
          0.11427103510872094
        ],
        "macroP": [
          0.761247493512228,
          0.1145508600793456
        ],
        "macroR": [
          0.7780420611449835,
          0.12342919283539144
        ],
        "mcc": [
          0.5387263856003456,
          0.23683192968436767
        ]
      },
      "consistency": 0.6257668711656442
    },
    "Naive Bayes (w1-2)": {
      "agg": {
        "acc": [
          0.7670763405318526,
          0.08907962378101682
        ],
        "macroF1": [
          0.7613580948320504,
          0.09283249357368296
        ],
        "macroP": [
          0.7956357155085969,
          0.07107434219573706
        ],
        "macroR": [
          0.8028294737292466,
          0.09300617522320863
        ],
        "mcc": [
          0.5972847778214868,
          0.1622789356151495
        ]
      },
      "consistency": 0.5276073619631901
    },
    "Linear SVM (both)": {
      "agg": {
        "acc": [
          0.8057474382157928,
          0.17830358479442496
        ],
        "macroF1": [
          0.8029501867316512,
          0.18020498797161869
        ],
        "macroP": [
          0.8055701754385964,
          0.17913408301707617
        ],
        "macroR": [
          0.8158217477656405,
          0.1791592105223403
        ],
        "mcc": [
          0.6210988747423474,
          0.3578805747024938
        ]
      },
      "consistency": 0.6134969325153374
    },
    "LogReg TF-IDF (both)": {
      "agg": {
        "acc": [
          0.8472382961623468,
          0.17978091792401196
        ],
        "macroF1": [
          0.8439015204349465,
          0.18232166687474644
        ],
        "macroP": [
          0.8421773182957393,
          0.18147835148534613
        ],
        "macroR": [
          0.8473521460884916,
          0.18214620744754545
        ],
        "mcc": [
          0.6894759202856665,
          0.3635625971836529
        ]
      },
      "consistency": 0.7116564417177914
    },
    "Cues-only (interpretable)": {
      "agg": {
        "acc": [
          0.8251508300740774,
          0.10370779957295363
        ],
        "macroF1": [
          0.8099149726510753,
          0.10646186808957162
        ],
        "macroP": [
          0.8331392212057237,
          0.1107287562642371
        ],
        "macroR": [
          0.8032674218012563,
          0.10594260448571793
        ],
        "mcc": [
          0.6340198310111367,
          0.21034690307095344
        ]
      },
      "consistency": 0.588957055214724
    }
  },
  "d3": {
    "Lexicon (learned)": {
      "agg": {
        "acc": [
          0.8,
          0.291547594742265
        ],
        "macroF1": [
          0.7866666666666667,
          0.31098410105841595
        ],
        "macroP": [
          0.8,
          0.3231786571610886
        ],
        "macroR": [
          0.8,
          0.291547594742265
        ],
        "mcc": [
          0.6,
          0.6110100926607788
        ]
      },
      "consistency": 0.625
    },
    "Naive Bayes (w1-2)": {
      "agg": {
        "acc": [
          0.9222222222222222,
          0.10153148268053924
        ],
        "macroF1": [
          0.9183425124573826,
          0.1075433192197731
        ],
        "macroP": [
          0.944927536231884,
          0.0698965539234058
        ],
        "macroR": [
          0.9222222222222222,
          0.10153148268053924
        ],
        "mcc": [
          0.8658319361491476,
          0.17333552224444534
        ]
      },
      "consistency": 0.8055555555555556
    },
    "Linear SVM (both)": {
      "agg": {
        "acc": [
          0.9277777777777778,
          0.098757715747951
        ],
        "macroF1": [
          0.9241666666666667,
          0.10489412651706373
        ],
        "macroP": [
          0.9484848484848485,
          0.06748805288278815
        ],
        "macroR": [
          0.9277777777777778,
          0.098757715747951
        ],
        "mcc": [
          0.8750148608814182,
          0.16819151933455548
        ]
      },
      "consistency": 0.8194444444444444
    },
    "LogReg TF-IDF (both)": {
      "agg": {
        "acc": [
          0.9222222222222222,
          0.10153148268053924
        ],
        "macroF1": [
          0.9183425124573826,
          0.1075433192197731
        ],
        "macroP": [
          0.944927536231884,
          0.0698965539234058
        ],
        "macroR": [
          0.9222222222222222,
          0.10153148268053924
        ],
        "mcc": [
          0.8658319361491476,
          0.17333552224444534
        ]
      },
      "consistency": 0.8055555555555556
    },
    "Cues-only (interpretable)": {
      "agg": {
        "acc": [
          0.75,
          0.22360679774997896
        ],
        "macroF1": [
          0.68,
          0.29933259094191533
        ],
        "macroP": [
          0.6666666666666666,
          0.3456073558887953
        ],
        "macroR": [
          0.75,
          0.22360679774997896
        ],
        "mcc": [
          0.5154700538379251,
          0.4482826008925544
        ]
      },
      "consistency": 0.625
    }
  }
}