{
  "exp1": {
    "presenceRule": {
      "acc": 1,
      "macroF1": 1,
      "mcc": 1
    },
    "raw": {
      "acc": [
        1,
        0
      ],
      "macroF1": [
        1,
        0
      ],
      "macroP": [
        1,
        0
      ],
      "macroR": [
        1,
        0
      ],
      "mcc": [
        1,
        0
      ]
    },
    "mask-distinct": {
      "acc": [
        1,
        0
      ],
      "macroF1": [
        1,
        0
      ],
      "macroP": [
        1,
        0
      ],
      "macroR": [
        1,
        0
      ],
      "mcc": [
        1,
        0
      ]
    },
    "masked": {
      "acc": [
        0.9843076923076923,
        0.01922522997146254
      ],
      "macroF1": [
        0.981106821106821,
        0.023140612404120804
      ],
      "macroP": [
        0.9891812865497076,
        0.013258226957607781
      ],
      "macroR": [
        0.975,
        0.03061862178478973
      ],
      "mcc": [
        0.9639049621773271,
        0.04420944867235857
      ]
    },
    "stripped": {
      "acc": [
        0.9843076923076923,
        0.01922522997146254
      ],
      "macroF1": [
        0.981106821106821,
        0.023140612404120804
      ],
      "macroP": [
        0.9891812865497076,
        0.013258226957607781
      ],
      "macroR": [
        0.975,
        0.03061862178478973
      ],
      "mcc": [
        0.9639049621773271,
        0.04420944867235857
      ]
    }
  },
  "exp2": {
    "strat": {
      "Lexicon (learned)": {
        "acc": [
          0.994,
          0.008000000000000007
        ],
        "macroF1": [
          0.992170569549172,
          0.010411794893365233
        ],
        "macroP": [
          0.9887464387464387,
          0.014888595590260848
        ],
        "macroR": [
          0.9960000000000001,
          0.005333333333333318
        ],
        "mcc": [
          0.984671056698228,
          0.0203325705367452
        ]
      },
      "Naive Bayes (w1-2)": {
        "acc": [
          1,
          0
        ],
        "macroF1": [
          1,
          0
        ],
        "macroP": [
          1,
          0
        ],
        "macroR": [
          1,
          0
        ],
        "mcc": [
          1,
          0
        ]
      },
      "Naive Bayes (char2-4)": {
        "acc": [
          1,
          0
        ],
        "macroF1": [
          1,
          0
        ],
        "macroP": [
          1,
          0
        ],
        "macroR": [
          1,
          0
        ],
        "mcc": [
          1,
          0
        ]
      },
      "LogReg TF-IDF (both)": {
        "acc": [
          1,
          0
        ],
        "macroF1": [
          1,
          0
        ],
        "macroP": [
          1,
          0
        ],
        "macroR": [
          1,
          0
        ],
        "mcc": [
          1,
          0
        ]
      }
    },
    "group": {
      "Lexicon (learned)": {
        "acc": [
          0.7892524022122211,
          0.20754620389624587
        ],
        "macroF1": [
          0.7778365140336971,
          0.2144818507358216
        ],
        "macroP": [
          0.8173576609905853,
          0.1482771029119318
        ],
        "macroR": [
          0.8685608356402991,
          0.11956582557073796
        ],
        "mcc": [
          0.6806887963735002,
          0.27344008591371716
        ]
      },
      "Naive Bayes (w1-2)": {
        "acc": [
          0.8104796040279911,
          0.24475163078033235
        ],
        "macroF1": [
          0.7839770648869743,
          0.2645604422309826
        ],
        "macroP": [
          0.8490634920634921,
          0.16429363066579744
        ],
        "macroR": [
          0.8740157856514925,
          0.17147784293149687
        ],
        "mcc": [
          0.7083325575401144,
          0.33677591279387314
        ]
      },
      "Naive Bayes (char2-4)": {
        "acc": [
          0.6920444031225016,
          0.22388401011912704
        ],
        "macroF1": [
          0.6607181127005715,
          0.2295368147975153
        ],
        "macroP": [
          0.7549382332643202,
          0.13383255088519225
        ],
        "macroR": [
          0.7943939369119968,
          0.16033578317104563
        ],
        "mcc": [
          0.532983008204891,
          0.2846793669134176
        ]
      },
      "LogReg TF-IDF (both)": {
        "acc": [
          0.937946718648473,
          0.11141582041981386
        ],
        "macroF1": [
          0.9342264030628824,
          0.11238714137350543
        ],
        "macroP": [
          0.9478117972669088,
          0.0964521324208027
        ],
        "macroR": [
          0.9475279106858053,
          0.07824490533354898
        ],
        "mcc": [
          0.8947931767545685,
          0.17408419270565323
        ]
      }
    }
  },
  "exp3": {
    "strat": {
      "Majority": {
        "agg": {
          "acc": [
            0.6881282051282052,
            0.011170662242568293
          ],
          "macroF1": [
            0.4076021539436173,
            0.003895288313196062
          ],
          "macroP": [
            0.3440641025641026,
            0.005585331121284147
          ],
          "macroR": [
            0.5,
            0
          ],
          "mcc": [
            0,
            0
          ]
        },
        "pooled": {
          "M": [
            [
              0,
              39
            ],
            [
              0,
              86
            ]
          ],
          "classes": [
            "CONTEXT",
            "STRONG"
          ]
        }
      },
      "Lexicon (learned)": {
        "agg": {
          "acc": [
            0.9519743589743589,
            0.016019301310112366
          ],
          "macroF1": [
            0.9418034447446212,
            0.02067879998722688
          ],
          "macroP": [
            0.9619883040935673,
            0.013174129036337764
          ],
          "macroR": [
            0.9298319327731093,
            0.03094124893294844
          ],
          "mcc": [
            0.890619472879649,
            0.03605212404317156
          ]
        },
        "pooled": {
          "M": [
            [
              34,
              5
            ],
            [
              1,
              85
            ]
          ],
          "classes": [
            "CONTEXT",
            "STRONG"
          ]
        }
      },
      "Naive Bayes (w1-2)": {
        "agg": {
          "acc": [
            0.9843076923076923,
            0.01922522997146254
          ],
          "macroF1": [
            0.981106821106821,
            0.023140612404120804
          ],
          "macroP": [
            0.9891812865497076,
            0.013258226957607781
          ],
          "macroR": [
            0.975,
            0.03061862178478973
          ],
          "mcc": [
            0.9639049621773271,
            0.04420944867235857
          ]
        },
        "pooled": {
          "M": [
            [
              37,
              2
            ],
            [
              0,
              86
            ]
          ],
          "classes": [
            "CONTEXT",
            "STRONG"
          ]
        }
      },
      "LogReg TF-IDF (both)": {
        "agg": {
          "acc": [
            0.9843076923076923,
            0.01922522997146254
          ],
          "macroF1": [
            0.981106821106821,
            0.023140612404120804
          ],
          "macroP": [
            0.9891812865497076,
            0.013258226957607781
          ],
          "macroR": [
            0.975,
            0.03061862178478973
          ],
          "mcc": [
            0.9639049621773271,
            0.04420944867235857
          ]
        },
        "pooled": {
          "M": [
            [
              37,
              2
            ],
            [
              0,
              86
            ]
          ],